US1CAAL0001,37.8123,-122.2160,113.4
US1CAAL0003,37.7169,-122.0585,163.4
US1CAAL0004,37.6483,-121.8745,107.0
US1CAAL0006,37.8319,-122.2503,58.2
US1CAAL0011,37.6821,-122.1332,9.1
US1CAAL0012,37.6702,-121.8814,104.9
US1CABT0005,39.4932,-121.4770,203.6
US1CABT0008,39.7385,-121.8320,64.0
US1CABT0009,39.7494,-121.8614,57.9
US1CABT0015,39.7549,-121.7823,110.3
US1CACC0001,37.9898,-122.1085,76.8
US1CACC0004,37.8783,-122.0338,74.1
US1CACC0006,37.8937,-122.1043,75.6
US1CACC0010,37.8883,-122.1526,157.9
US1CACC0011,37.9744,-122.1384,210.9
US1CACC0012,37.9786,-121.8381,54.3
US1CACC0018,37.8846,-122.0285,84.4
US1CACC0025,37.8698,-122.1384,228.0
US1CACC0046,37.9816,-121.9986,43.6
US1CADN0001,41.8240,-124.1482,19.8
US1CADN0005,41.7998,-124.1428,29.9
US1CADN0006,41.9153,-124.1360,36.6
US1CADN0007,41.8653,-124.1513,14.9
US1CAED0003,38.6953,-120.8490,534.9
US1CAED0010,38.7392,-120.7846,620.6
US1CAFR0002,36.8611,-119.6931,116.4
US1CAFR0008,36.5702,-120.0892,55.8
US1CAFR0014,36.8053,-119.8222,97.2
US1CAHM0001,40.8809,-124.0692,128.0
US1CAHM0004,40.9231,-124.0840,99.1
US1CAHM0005,40.8962,-123.9984,111.6
US1CAHM0006,41.0783,-124.1517,61.3
US1CAHM0007,40.2516,-124.1823,96.3
US1CAHM0009,40.9778,-124.0860,82.3
US1CAHM0012,40.6005,-124.1613,29.9
US1CAHM0014,40.2093,-123.8941,164.3
US1CAHM0026,40.4734,-123.7013,815.3
US1CAHM0029,40.5867,-124.1409,19.8
US1CAHM0030,40.0775,-123.8239,126.5
US1CAHM0031,40.0677,-123.8300,118.6
US1CAHM0032,40.0886,-123.8103,155.4
US1CAHM0034,40.7895,-124.0795,32.3
US1CAHM0035,40.7642,-124.1476,59.1
US1CAHM0037,40.9527,-124.0337,52.7
US1CAHM0038,40.7659,-123.9985,612.0
US1CAHM0039,40.8881,-123.9944,54.6
US1CAHM0041,40.7570,-124.1814,30.5
US1CAHM0044,40.1093,-123.8519,291.1
US1CAKG0003,36.2950,-119.7914,68.0
US1CAKN0001,35.6345,-117.9782,1316.4
US1CAKN0013,35.7022,-118.1739,926.3
US1CALA0001,34.1689,-118.2947,155.8
US1CALA0005,34.1874,-118.1245,403.3
US1CALA0010,33.9862,-118.0664,52.1
US1CALA0014,34.4268,-118.4275,492.9
US1CALA0021,34.1617,-118.0285,198.7
US1CALA0030,34.1712,-118.4353,205.7
US1CALA0036,34.1392,-118.1161,225.2
US1CALA0038,33.7766,-118.1467,14.6
US1CALA0039,33.7753,-118.3704,309.1
US1CALK0004,39.0789,-122.9169,417.6
US1CALK0006,38.7060,-122.6031,388.0
US1CALK0009,39.1682,-122.9778,438.9
US1CALS0001,40.3676,-120.6739,1326.8
US1CALS0002,40.3630,-120.6740,1325.0
US1CAMA0002,37.2717,-119.8020,549.2
US1CAMA0003,37.1241,-119.7610,487.1
US1CAMA0004,37.3996,-119.7381,865.6
US1CAMD0001,39.2206,-123.3312,759.6
US1CAMD0003,39.0062,-123.4084,323.4
US1CAMD0007,39.1583,-123.2248,227.4
US1CAMD0014,39.2723,-123.1785,278.0
US1CAMD0017,39.6724,-123.4898,502.0
US1CAMD0018,38.8828,-123.6100,319.4
US1CAMP0001,37.5396,-119.9876,896.7
US1CAMP0002,37.4613,-119.7417,899.8
US1CAMP0009,37.5069,-119.8392,978.4
US1CAMR0002,38.0050,-122.6354,133.8
US1CAMR0004,38.1060,-122.6441,75.0
US1CAMR0005,37.9872,-122.5643,32.6
US1CAMR0009,38.2475,-122.8119,36.3
US1CAMR0011,38.2507,-122.8829,39.0
US1CAMR0013,37.8863,-122.5440,63.7
US1CAMR0016,37.8593,-122.4974,48.5
US1CAMT0003,35.9808,-121.1174,360.0
US1CAMT0005,36.0249,-121.1745,336.5
US1CAMT0006,36.7764,-121.7284,5.5
US1CAMT0009,36.6022,-121.9320,85.3
US1CAMT0019,36.4763,-121.7197,135.9
US1CAMT0020,36.7770,-121.7269,5.2
US1CAMT0023,36.3980,-121.8685,335.3
US1CAMT0027,36.3532,-121.8183,741.9
US1CAMT0043,36.6027,-121.9409,41.8
US1CANP0007,38.4891,-122.4623,75.6
US1CANV0001,39.3067,-121.0399,728.5
US1CANV0010,39.1043,-121.0565,656.5
US1CANV0014,39.0322,-121.0774,480.4
US1CANV0035,39.2382,-121.0463,848.0
US1CANV0036,39.1943,-121.0917,711.4
US1CAOR0001,33.8291,-117.7700,247.2
US1CAOR0005,33.5285,-117.7203,145.4
US1CAOR0006,33.7455,-117.6199,424.9
US1CAOR0009,33.4977,-117.7387,59.1
US1CAOR0016,33.5894,-117.8652,25.6
US1CAOR0021,33.8632,-117.7918,90.8
US1CAOR0025,33.6399,-117.8381,58.8
US1CAOR0026,33.5633,-117.6394,186.8
US1CAOR0027,33.7183,-117.7721,46.3
US1CAOR0031,33.8261,-117.7781,197.8
US1CAPC0007,38.7802,-121.3766,29.3
US1CAPC0010,38.8472,-121.1584,185.9
US1CAPC0011,39.0610,-120.9911,633.1
US1CAPC0013,38.8510,-121.1230,243.8
US1CARV0003,33.8212,-116.3978,77.4
US1CARV0005,33.7527,-116.9196,517.6
US1CARV0010,33.7690,-117.0923,685.2
US1CARV0012,33.6574,-117.3808,413.3
US1CARV0015,33.9080,-117.5480,201.5
US1CARV0018,33.9543,-117.0120,771.8
US1CARV0019,33.9793,-117.4541,256.3
US1CARV0038,33.9406,-117.2964,468.2
US1CASA0001,38.6173,-121.3404,31.1
US1CASA0002,38.6350,-121.3611,29.0
US1CASA0005,38.6429,-121.3059,39.6
US1CASA0006,38.6375,-121.3446,33.2
US1CASA0007,38.6600,-121.1395,110.3
US1CASA0008,38.6211,-121.3189,32.9
US1CASA0012,38.5499,-121.4374,10.4
US1CASA0029,38.6823,-121.1375,121.6
US1CASA0030,38.5753,-121.3400,19.5
US1CASA0031,38.6754,-121.1556,102.1
US1CASA0035,38.5804,-121.2812,31.7
US1CASB0001,34.4397,-119.8961,48.2
US1CASC0003,37.3647,-122.0042,25.9
US1CASC0004,37.3050,-121.7750,68.0
US1CASC0005,37.2324,-121.9902,142.3
US1CASC0010,37.2714,-121.8765,49.4
US1CASC0015,37.2748,-122.0227,113.7
US1CASC0032,37.3185,-121.9608,42.4
US1CASC0040,37.1560,-121.9875,506.6
US1CASC0041,37.3865,-122.1355,59.1
US1CASC0042,37.3344,-122.0180,51.8
US1CASC0045,37.1168,-121.6591,132.0
US1CASC0048,37.1864,-121.5462,799.8
US1CASD0001,33.1472,-117.1316,203.0
US1CASD0006,32.8112,-116.9254,185.9
US1CASD0007,33.0499,-117.2368,58.8
US1CASD0009,32.7907,-116.9870,221.6
US1CASD0010,33.1055,-117.0482,210.3
US1CASD0011,33.0757,-117.2920,57.3
US1CASD0012,32.9956,-117.0044,367.6
US1CASD0018,32.6381,-116.9753,169.2
US1CASD0022,32.9491,-117.0588,135.3
US1CASD0023,33.0267,-117.2712,81.1
US1CASD0024,32.6168,-117.0519,81.1
US1CASD0027,32.7465,-117.1098,104.9
US1CASD0029,32.8057,-117.0732,73.8
US1CASD0030,32.8257,-117.2501,149.7
US1CASD0035,33.0184,-117.0666,147.2
US1CASD0040,32.7698,-116.9593,224.9
US1CASD0047,32.6044,-117.0508,61.0
US1CASD0049,32.8168,-117.0586,89.0
US1CASD0051,32.9058,-116.6255,999.1
US1CASD0052,33.0261,-117.0466,225.2
US1CASD0053,33.0158,-116.8068,449.3
US1CASD0054,32.8538,-116.6212,1049.1
US1CASD0055,32.7348,-117.2447,76.5
US1CASD0057,33.1862,-117.2311,153.9
US1CASD0059,33.1474,-117.0656,223.7
US1CASD0060,32.8428,-117.2208,86.6
US1CASD0063,33.0563,-116.9925,483.1
US1CASD0074,33.0139,-117.1062,209.4
US1CASD0076,33.2499,-117.2559,57.6
US1CASF0004,37.7650,-122.4348,59.1
US1CASF0017,37.7590,-122.3975,65.5
US1CASH0006,40.5239,-121.7957,1208.2
US1CASH0010,40.6721,-122.2913,207.6
US1CASH0011,40.6261,-122.3585,188.4
US1CASH0018,40.6235,-122.3536,184.1
US1CASH0030,40.4785,-122.2606,124.7
US1CASH0051,40.5181,-122.3692,135.3
US1CASH0056,40.6024,-122.4007,201.5
US1CASH0057,40.3777,-122.3392,140.2
US1CASJ0001,38.0627,-121.0079,44.5
US1CASJ0004,38.0381,-121.2547,10.7
US1CASJ0005,38.1360,-121.3044,13.1
US1CASK0003,41.4949,-122.3697,933.9
US1CASK0004,41.5108,-122.9234,904.0
US1CASK0005,41.7326,-122.6495,820.5
US1CASK0009,41.2688,-123.3336,507.2
US1CASL0008,35.3295,-120.8324,23.5
US1CASL0010,35.5034,-120.7376,427.6
US1CASM0001,37.6121,-122.4825,69.2
US1CASM0005,37.4766,-122.1870,7.6
US1CASM0006,37.5488,-122.2587,2.1
US1CASM0007,37.4630,-122.4408,16.5
US1CASM0009,37.3819,-122.1976,161.8
US1CASM0013,37.5842,-122.3976,136.2
US1CASM0022,37.3754,-122.2637,485.2
US1CASN0006,38.4514,-122.7577,32.6
US1CASN0013,38.4323,-122.7455,37.5
US1CASN0021,38.5551,-122.8227,37.5
US1CASN0029,38.7810,-122.9630,242.9
US1CASN0039,38.2334,-122.6563,47.9
US1CASN0042,38.4713,-122.6552,89.0
US1CASN0049,38.3842,-122.8191,51.2
US1CASN0050,38.5617,-122.8055,47.2
US1CASN0061,38.4640,-122.7150,52.7
US1CASN0062,38.2262,-122.6391,11.0
US1CASN0063,38.5534,-122.7929,47.9
US1CASN0070,38.3651,-122.5718,291.4
US1CASN0071,38.3392,-122.7113,29.3
US1CASN0074,38.6476,-122.9207,43.3
US1CASN0078,38.7990,-123.0277,116.4
US1CASN0080,38.3778,-122.5343,102.7
US1CASN0084,38.3163,-122.4726,89.9
US1CASN0089,38.7839,-122.9628,312.7
US1CASN0090,38.4733,-122.8974,61.3
US1CASN0096,38.5653,-123.2058,196.6
US1CASN0098,38.5319,-123.1886,369.1
US1CASN0100,38.3823,-122.5507,111.3
US1CASO0003,38.0753,-122.1778,92.7
US1CASO0006,38.0864,-122.1570,75.0
US1CASR0005,34.5253,-117.4331,940.3
US1CASR0009,34.5043,-117.1808,896.4
US1CASR0014,34.0973,-116.3178,1039.1
US1CASR0017,34.1241,-116.0847,659.0
US1CASR0022,34.0867,-116.5618,960.7
US1CASR0023,34.8667,-117.0592,795.2
US1CASR0027,34.4849,-117.6442,1065.3
US1CASR0029,34.1442,-117.3810,451.7
US1CASR0035,34.9237,-117.0177,661.4
US1CASS0001,37.7892,-120.7518,43.9
US1CASS0002,37.7819,-120.7769,70.7
US1CAST0005,36.8422,-121.3650,118.6
US1CASZ0006,37.1811,-122.0911,525.5
US1CASZ0021,37.1693,-122.1641,266.7
US1CASZ0024,37.1051,-122.0468,255.4
US1CASZ0028,37.0022,-121.9363,126.2
US1CASZ0048,37.0723,-122.1362,572.4
US1CATH0005,40.1591,-122.3515,127.4
US1CATH0008,40.2242,-122.3603,169.8
US1CATH0010,40.3690,-122.2009,172.8
US1CATH0012,40.2821,-122.3784,194.8
US1CATH0014,40.1715,-122.3261,152.7
US1CATH0019,40.2145,-122.2429,123.7
US1CATL0005,36.3153,-119.3176,96.9
US1CATL0011,36.4584,-118.8858,307.8
US1CATY0005,40.8768,-123.5302,205.4
US1CATY0006,40.3209,-123.3755,841.9
US1CATY0011,40.9826,-122.6965,739.7
US1CAVT0001,34.1772,-118.8984,210.9
US1CAVT0002,34.7460,-119.1103,1607.5
US1CAVT0006,34.4513,-119.2511,242.9
US1CAYB0001,39.4518,-121.2801,624.5
US1CAYB0003,39.2241,-121.5940,22.3
US1CAYB0004,39.0135,-121.4243,25.9
US1CAYL0001,38.5425,-121.7210,11.0
US1CAYL0002,38.5618,-121.7241,12.5
US1CAYL0009,38.5523,-121.7855,17.4
US1CAYL0010,38.6471,-121.7322,11.6
USC00040010,38.2178,-121.2014,26.5
USC00040029,41.1933,-120.9444,1280.8
USC00040136,32.8358,-116.7775,516.6
USC00040144,34.1822,-118.1383,343.5
USC00040161,41.4903,-120.5439,1332.9
USC00040176,34.5592,-115.7442,197.5
USC00040192,33.8647,-117.8425,71.6
USC00040212,38.5731,-122.4406,522.7
USC00040332,35.2111,-118.8336,137.2
USC00040343,36.4914,-118.8253,520.6
USC00040379,37.0919,-119.5128,637.0
USC00040383,38.9072,-121.0839,393.8
USC00040444,35.4186,-119.0508,143.3
USC00040449,36.9092,-119.0883,528.8
USC00040521,34.8928,-117.0219,676.7
USC00040673,37.0856,-122.0797,128.0
USC00040741,34.2431,-116.9169,2058.3
USC00040790,36.2472,-121.7803,61.0
USC00040798,34.2947,-118.1886,709.0
USC00040820,37.2322,-118.5994,2581.7
USC00040823,37.3878,-118.4142,1274.4
USC00040924,33.6139,-114.5978,81.7
USC00040931,39.3886,-120.0936,1699.3
USC00040943,38.2119,-119.0142,2551.2
USC00040983,33.2558,-116.4036,246.9
USC00041018,39.4539,-120.6556,1641.3
USC00041159,39.9372,-121.3147,576.4
USC00041194,34.1867,-118.3481,199.6
USC00041244,35.4028,-119.4700,68.6
USC00041253,34.5822,-119.9817,240.5
USC00041277,38.2769,-120.3114,1431.0
USC00041312,38.5769,-122.5781,106.7
USC00041424,32.6264,-116.4700,801.6
USC00041428,38.2486,-120.8433,200.6
USC00041614,41.5300,-120.1792,1428.9
USC00041697,37.9747,-119.9161,1452.4
USC00041700,40.3033,-121.2422,1380.7
USC00041715,39.6911,-121.8211,56.4
USC00041738,33.6617,-115.7206,520.0
USC00041758,32.6400,-117.0858,17.1
USC00041806,38.9239,-122.5672,411.2
USC00041838,38.7931,-123.0264,121.9
USC00041864,36.1356,-120.3606,204.2
USC00041879,37.2119,-119.6900,676.0
USC00041907,40.4000,-122.1433,128.0
USC00041912,39.0900,-120.9469,723.3
USC00041916,39.3308,-121.1922,181.4
USC00041948,39.1875,-122.0269,15.2
USC00041990,41.9797,-122.3381,812.3
USC00042012,36.0975,-119.5817,61.0
USC00042090,34.0917,-117.8800,185.0
USC00042214,34.0050,-118.4139,28.0
USC00042239,32.9897,-116.5872,1414.3
USC00042294,38.5350,-121.7761,18.3
USC00042319,36.4625,-116.8672,-59.1
USC00042327,33.6514,-116.3764,365.8
USC00042346,35.7683,-119.2600,92.0
USC00042402,39.8717,-121.6108,826.0
USC00042500,39.5633,-120.8239,888.5
USC00042574,41.1831,-122.2817,661.1
USC00042598,33.8081,-115.4514,296.6
USC00042706,32.8006,-116.9281,150.9
USC00042709,32.8856,-116.8150,182.9
USC00042713,32.7669,-115.5617,-9.1
USC00042805,33.6861,-117.3458,386.5
USC00042863,33.1211,-117.0900,182.9
USC00042920,37.5850,-120.2672,134.7
USC00042934,38.2736,-122.0678,12.2
USC00042941,34.7050,-118.4297,932.7
USC00042964,41.0081,-121.4350,1005.8
USC00043038,38.5250,-120.6981,661.4
USC00043083,36.3642,-120.1561,86.9
USC00043134,39.0100,-120.8456,919.0
USC00043157,41.8714,-120.1575,1444.4
USC00043161,39.5100,-123.7564,37.5
USC00043182,41.6011,-122.8478,831.8
USC00043191,38.5150,-123.2447,34.1
USC00043244,37.5422,-122.0158,11.6
USC00043256,36.7672,-119.7092,103.0
USC00043261,36.9969,-119.7072,125.0
USC00043357,41.8458,-123.9669,118.0
USC00043384,38.9331,-120.8008,914.7
USC00043402,34.5225,-119.6822,474.9
USC00043417,37.0031,-121.5608,59.1
USC00043463,35.7269,-118.7006,957.1
USC00043491,39.1503,-120.9003,981.5
USC00043551,36.7375,-118.9619,2005.6
USC00043573,39.2042,-121.0681,731.5
USC00043578,38.4306,-122.8647,61.0
USC00043669,37.8444,-120.2258,853.4
USC00043714,37.4725,-122.4433,8.2
USC00043747,36.3158,-119.6369,72.2
USC00043761,41.7961,-123.3747,348.1
USC00043800,39.2372,-121.2667,243.8
USC00043824,40.9317,-121.5433,919.0
USC00043855,33.7044,-115.6289,417.6
USC00043875,38.6294,-122.8664,53.9
USC00043882,35.6842,-121.1683,465.1
USC00043896,33.7381,-116.8939,552.0
USC00043914,33.2372,-116.7614,823.0
USC00043939,37.9614,-119.7831,1179.6
USC00044025,36.8483,-121.4214,83.8
USC00044211,33.7572,-116.7067,1639.8
USC00044223,32.8489,-115.5667,-19.5
USC00044259,33.7086,-116.2153,-6.4
USC00044297,34.1472,-115.1219,281.0
USC00044303,33.7200,-117.7231,164.6
USC00044374,41.2706,-120.2983,1621.2
USC00044394,34.3592,-116.5378,965.3
USC00044405,34.1472,-116.2747,781.2
USC00044412,33.0764,-116.5925,1284.7
USC00044422,34.4908,-119.5069,688.8
USC00044484,38.8089,-120.8208,609.6
USC00044500,37.9567,-122.5447,44.2
USC00044534,36.0067,-119.9600,73.2
USC00044555,36.2069,-121.1378,97.5
USC00044710,32.8536,-116.8947,210.3
USC00044712,38.4919,-122.0039,57.0
USC00044838,41.7117,-121.5067,1455.4
USC00044863,34.8333,-118.8650,1089.7
USC00044881,37.9567,-119.1194,2071.7
USC00044890,36.3817,-119.0264,156.4
USC00044957,36.2033,-119.0545,132.6
USC00044997,37.6819,-121.7514,161.2
USC00045026,36.6044,-118.7325,2052.8
USC00045064,34.6539,-120.4514,22.9
USC00045100,35.3836,-118.4122,1290.8
USC00045118,37.0564,-120.8667,36.6
USC00045119,36.8750,-120.9386,256.9
USC00045151,35.6181,-119.6892,87.8
USC00045233,36.9539,-120.0378,82.3
USC00045311,40.5411,-121.5767,1752.6
USC00045360,38.4917,-122.1242,146.3
USC00045449,41.2517,-122.1383,985.4
USC00045502,33.5697,-116.0731,-55.8
USC00045532,37.2889,-120.5158,46.9
USC00045598,38.7478,-122.6258,341.7
USC00045679,40.3458,-121.6092,1485.9
USC00045756,35.0492,-118.1619,833.6
USC00045795,36.5928,-121.8556,37.2
USC00045860,34.0864,-116.5622,958.6
USC00045866,35.3669,-120.8447,36.0
USC00045915,37.8792,-121.9303,661.4
USC00045933,37.3433,-121.6347,1286.3
USC00045941,41.7833,-122.0447,1300.0
USC00045968,32.8672,-116.4194,1804.4
USC00045983,41.3217,-122.3172,1101.2
USC00046027,37.8978,-122.5689,67.1
USC00046074,38.2778,-122.2647,10.7
USC00046136,39.2467,-121.0008,847.6
USC00046154,34.9456,-119.6828,658.4
USC00046168,37.2811,-121.0178,27.4
USC00046174,38.0047,-120.4864,292.6
USC00046175,33.6031,-117.8836,3.0
USC00046194,38.9261,-121.5447,13.1
USC00046197,33.2775,-115.5239,-18.3
USC00046252,37.2328,-119.5097,806.2
USC00046328,41.8392,-122.8503,603.5
USC00046336,37.7983,-122.2642,9.1
USC00046377,33.2097,-117.3950,3.0
USC00046386,33.1553,-116.1689,118.9
USC00046399,34.4478,-119.2275,227.1
USC00046506,39.7458,-122.1997,77.4
USC00046508,41.3019,-123.5386,122.8
USC00046521,39.5178,-121.5531,52.1
USC00046572,34.2067,-119.1375,15.8
USC00046597,38.7583,-120.5031,1051.6
USC00046602,34.3294,-118.4006,472.4
USC00046624,34.5883,-118.0939,796.1
USC00046635,33.8275,-116.5097,129.5
USC00046657,33.3781,-116.8400,1691.6
USC00046663,33.7997,-118.3911,67.1
USC00046699,34.2903,-114.1708,224.9
USC00046719,34.1483,-118.1447,263.3
USC00046730,35.6278,-120.6856,222.5
USC00046773,34.5025,-117.8969,945.2
USC00046826,38.2578,-122.6078,6.1
USC00046926,36.4819,-121.1822,398.4
USC00046940,34.4061,-118.7569,217.0
USC00046946,40.9869,-121.9772,444.4
USC00046961,38.7853,-120.7419,810.2
USC00047085,39.8053,-120.4719,1478.3
USC00047109,39.3619,-123.1286,310.3
USC00047111,33.0194,-117.0308,197.5
USC00047195,39.9367,-120.9475,1042.4
USC00047248,33.0217,-117.0814,210.3
USC00047253,35.3692,-117.6525,1088.1
USC00047270,37.2094,-119.9086,280.1
USC00047298,40.5194,-122.2989,153.0
USC00047306,34.0369,-117.1947,429.8
USC00047326,33.8342,-118.3758,43.3
USC00047339,37.4767,-122.2386,9.4
USC00047414,37.9192,-122.3772,6.1
USC00047470,33.9511,-117.3881,256.0
USC00047643,38.5067,-122.4714,68.6
USC00047672,35.3372,-120.5039,424.3
USC00047681,34.5850,-120.4083,77.4
USC00047702,38.1914,-120.6708,335.3
USC00047741,32.7653,-117.2314,4.3
USC00047767,37.7281,-122.5053,2.4
USC00047776,34.1553,-117.9078,226.8
USC00047779,34.2053,-117.8608,451.4
USC00047785,34.0842,-118.1003,110.6
USC00047813,33.7964,-116.9753,464.8
USC00047821,37.3594,-121.9244,14.9
USC00047851,35.3056,-120.6619,93.9
USC00047880,37.9983,-122.5372,36.6
USC00047888,33.7442,-117.8667,41.1
USC00047902,34.4167,-119.6844,4.9
USC00047933,35.3742,-120.6375,349.9
USC00047965,38.4558,-122.7133,50.6
USC00048014,34.5900,-118.4542,658.7
USC00048045,40.4833,-124.1039,41.5
USC00048122,35.4867,-119.1458,123.1
USC00048135,40.7142,-122.4161,327.7
USC00048218,39.5833,-120.3706,1516.4
USC00048273,37.3133,-122.1850,691.9
USC00048351,38.2994,-122.4622,29.6
USC00048353,37.9672,-120.3872,510.5
USC00048380,37.5122,-119.6331,1538.3
USC00048587,39.5861,-122.5342,243.8
USC00048606,39.5319,-121.1611,1130.8
USC00048702,40.4167,-120.6631,1283.8
USC00048713,38.3772,-120.8008,483.4
USC00048758,39.1678,-120.1428,1898.9
USC00048760,39.0600,-120.1292,1924.8
USC00048829,35.1011,-118.4222,1286.3
USC00048839,35.0233,-118.7497,434.3
USC00048917,36.4650,-118.8619,347.5
USC00048999,37.6819,-121.3467,41.1
USC00049001,37.7958,-121.5831,18.6
USC00049026,40.7264,-122.7947,567.2
USC00049035,35.7636,-117.3908,516.6
USC00049040,39.3181,-120.1450,1798.3
USC00049053,41.9600,-121.4744,1230.8
USC00049063,37.8769,-119.3436,2649.9
USC00049073,37.5019,-120.8456,31.4
USC00049099,34.1281,-116.0369,602.0
USC00049111,34.9881,-120.3211,177.4
USC00049152,34.0697,-118.4428,131.1
USC00049185,37.7719,-122.1675,120.1
USC00049219,38.1000,-122.1869,103.9
USC00049298,39.5214,-120.0269,1654.8
USC00049325,34.5292,-117.2928,877.8
USC00049367,36.3283,-119.2997,92.4
USC00049378,33.2353,-117.2322,131.1
USC00049390,40.4583,-121.8664,676.7
USC00049452,35.5892,-119.3519,88.7
USC00049473,36.9308,-121.7692,29.0
USC00049582,38.3775,-120.5453,845.8
USC00049621,40.6117,-122.5281,394.7
USC00049694,40.9467,-123.6364,141.4
USC00049699,39.5231,-122.3047,71.3
USC00049742,38.5253,-121.9778,41.1
USC00049781,38.6828,-121.7939,20.4
USC00049785,34.1819,-118.5744,240.8
USC00049855,37.7503,-119.5897,1224.7
USC00049866,41.7031,-122.6414,825.7
USC00049884,34.2183,-116.4072,1050.0
USS0019L03S,38.8500,-119.9400,2370.1
USS0019L05S,38.6100,-119.9200,2455.8
USS0019L06S,38.5100,-119.6300,2357.9
USS0019L07S,38.3100,-119.6000,2690.5
USS0019L08S,38.3000,-119.5500,2194.0
USS0019L13S,38.0700,-119.2300,2878.8
USS0019L17S,38.4400,-119.3700,2814.2
USS0019L19S,38.5500,-119.8000,2671.6
USS0019L24S,38.9200,-119.9200,2615.8
USS0019L38S,38.2800,-119.6100,2931.3
USS0019L39S,38.6700,-119.8200,1863.9
USS0019L40S,38.6700,-119.6100,2532.9
USS0019L41S,38.7200,-119.8900,2477.7
USS0019L42S,38.4000,-119.5400,2838.6
USS0019L43S,38.6800,-119.9600,2443.6
USS0019L44S,38.8400,-119.8900,2608.2
USS0019L45S,38.6900,-119.9900,2546.0
USS0020H02S,41.8900,-120.7500,1575.8
USS0020H06S,41.5800,-120.3000,2142.7
USS0020H12S,41.9900,-120.1800,2243.3
USS0020H13S,41.2400,-120.7900,1886.7
USS0020K03S,39.4900,-120.2800,1967.8
USS0020K04S,39.4500,-120.2900,2134.5
USS0020K05S,39.4300,-120.3100,2545.7
USS0020K13S,39.3000,-120.1800,1983.9
USS0020K25S,39.1400,-120.2200,2028.4
USS0020K27S,39.1700,-120.1500,2071.7
USS0020K30S,39.1900,-120.2600,2447.2
USS0020K31S,39.3300,-120.3700,2089.4
USS0020L02S,39.0000,-120.1300,2343.6
USS0020L06S,38.8500,-120.0800,2337.8
USS0020L10S,38.9300,-120.0500,1900.7
USW00003102,34.0531,-117.5769,281.6
USW00003104,33.6317,-116.1642,-36.0
USW00003122,33.8017,-118.3411,27.4
USW00003131,32.8144,-117.1375,127.4
USW00003144,32.8347,-115.5767,-16.8
USW00003159,34.7411,-118.2125,712.6
USW00003166,33.8717,-117.9855,26.2
USW00003167,33.9236,-118.3328,16.8
USW00003171,33.9528,-117.4353,257.6
USW00003177,33.1300,-117.2764,95.4
USW00003178,32.5758,-116.9939,158.8
USW00003179,33.9756,-117.6250,193.9
USW00004222,40.6508,-122.6067,432.2
USW00023110,36.3333,-119.9500,70.7
USW00023119,33.9000,-117.2500,468.2
USW00023129,33.8117,-118.1472,10.4
USW00023130,34.2122,-118.4914,239.3
USW00023136,34.2114,-119.0875,21.6
USW00023152,34.1997,-118.3656,222.8
USW00023155,35.4342,-119.0553,149.4
USW00023157,37.3711,-118.3589,1252.7
USW00023158,33.6189,-114.7144,120.4
USW00023161,34.8536,-116.7869,584.9
USW00023174,33.9381,-118.3867,29.6
USW00023179,34.7678,-114.6183,270.7
USW00023182,34.6294,-118.0831,764.7
USW00023187,34.7436,-118.7253,1374.6
USW00023188,32.7336,-117.1831,4.6
USW00023190,34.4242,-119.8425,2.4
USW00023191,33.4042,-118.4144,477.0
USW00023199,32.8325,-115.6639,-14.0
USW00023202,38.2667,-121.9333,18.0
USW00023213,38.5036,-122.8111,36.3
USW00023225,39.2761,-120.7092,1611.2
USW00023230,37.7178,-122.2331,1.5
USW00023232,38.5067,-121.4961,5.8
USW00023233,36.6636,-121.6092,22.3
USW00023234,37.6197,-122.3656,3.0
USW00023237,37.8900,-121.2264,8.2
USW00023254,37.9917,-122.0528,7.0
USW00023257,37.2858,-120.5178,46.3
USW00023258,37.6256,-120.9550,26.5
USW00023259,36.5903,-121.8489,48.8
USW00023271,38.5553,-121.4183,11.6
USW00023272,37.7706,-122.4269,45.7
USW00023273,34.8942,-120.4522,74.1
USW00023275,39.1278,-123.2003,183.8
USW00023277,36.9394,-121.7900,49.4
USW00023285,37.6931,-121.8150,119.8
USW00023293,37.3594,-121.9244,14.9
USW00024213,40.8097,-124.1603,6.1
USW00024215,41.3150,-122.3172,1083.0
USW00024216,40.1519,-122.2547,107.9
USW00024257,40.5147,-122.2978,152.7
USW00024259,41.7736,-122.4683,806.2
USW00024283,40.9783,-124.1047,64.3
USW00024286,41.7836,-124.2381,17.1
USW00053119,36.3114,-119.6231,75.9
USW00053120,33.0381,-116.9161,422.1
USW00053121,33.2194,-117.3497,9.1
USW00053139,36.6019,-117.1450,25.6
USW00053150,37.7592,-119.8208,2017.8
USW00053151,33.4392,-117.1903,347.5
USW00053152,34.4142,-119.8797,5.5
USW00053175,33.8978,-117.6025,162.5
USW00093104,35.6864,-117.6908,680.0
USW00093107,32.8667,-117.1333,145.4
USW00093110,34.2000,-119.2042,11.9
USW00093111,34.1242,-119.1228,3.7
USW00093112,32.6922,-117.2097,4.3
USW00093115,32.5681,-117.1172,7.3
USW00093134,34.0236,-118.2911,54.6
USW00093138,33.8222,-116.5044,124.7
USW00093184,33.6797,-117.8675,13.1
USW00093193,36.7800,-119.7203,101.8
USW00093197,34.0211,-118.4472,53.3
USW00093205,39.1019,-121.5689,18.9
USW00093206,35.2381,-120.6442,55.8
USW00093209,35.6694,-120.6292,249.9
USW00093210,39.4942,-121.6222,57.0
USW00093225,38.7006,-121.5947,7.3
USW00093227,38.2075,-122.2803,4.9
USW00093228,37.6589,-122.1211,9.4
USW00093230,38.8983,-119.9961,1907.1
USW00093241,38.3775,-121.9586,31.7
USW00093242,36.9850,-120.1106,76.5
USW00093243,37.2381,-120.8825,23.8
USW00093245,38.3208,-123.0747,19.2
USW00094299,41.4836,-120.5614,1335.9
